Subject,Slope,Trial,Muscle,Mean_EMG,percent_stance
1,Flat,1,ABDH,28.84728634,0-20
1,Flat,1,ABDM,4.040460295,0-20
1,Flat,1,PDIO1,38.1623274,0-20
1,Flat,1,PDIO3,8.204007895,0-20
1,Flat,1,FDB,12.79811865,0-20
1,Flat,1,EDB,26.66075568,0-20
1,Flat,1,ABDH,22.81941543,20-40
1,Flat,1,ABDM,5.3804416,20-40
1,Flat,1,PDIO1,17.17611299,20-40
1,Flat,1,PDIO3,5.750488695,20-40
1,Flat,1,FDB,11.01645825,20-40
1,Flat,1,EDB,50.12999789,20-40
1,Flat,1,ABDH,5.605487347,40-60
1,Flat,1,ABDM,15.48297709,40-60
1,Flat,1,PDIO1,7.957663832,40-60
1,Flat,1,PDIO3,3.310908042,40-60
1,Flat,1,FDB,11.38955141,40-60
1,Flat,1,EDB,12.05250604,40-60
1,Flat,1,ABDH,25.42546377,60-80
1,Flat,1,ABDM,33.52938484,60-80
1,Flat,1,PDIO1,14.48593017,60-80
1,Flat,1,PDIO3,6.179525032,60-80
1,Flat,1,FDB,48.911948,60-80
1,Flat,1,EDB,27.27391928,60-80
1,Flat,1,ABDH,38.55188027,80-100
1,Flat,1,ABDM,7.127705032,80-100
1,Flat,1,PDIO1,37.05124636,80-100
1,Flat,1,PDIO3,9.710382484,80-100
1,Flat,1,FDB,24.56170198,80-100
1,Flat,1,EDB,38.17248244,80-100
1,Flat,2,ABDH,8.653450821,0-20
1,Flat,2,ABDM,14.70491537,0-20
1,Flat,2,PDIO1,20.78896606,0-20
1,Flat,2,PDIO3,16.84645358,0-20
1,Flat,2,FDB,19.16630312,0-20
1,Flat,2,EDB,7.947213432,0-20
1,Flat,2,ABDH,10.61499775,20-40
1,Flat,2,ABDM,15.47346693,20-40
1,Flat,2,PDIO1,14.14158524,20-40
1,Flat,2,PDIO3,14.30291034,20-40
1,Flat,2,FDB,16.21217069,20-40
1,Flat,2,EDB,25.10478874,20-40
1,Flat,2,ABDH,5.603790442,40-60
1,Flat,2,ABDM,12.92625695,40-60
1,Flat,2,PDIO1,6.962303747,40-60
1,Flat,2,PDIO3,3.467344084,40-60
1,Flat,2,FDB,12.95398021,40-60
1,Flat,2,EDB,6.351455895,40-60
1,Flat,2,ABDH,23.08642356,60-80
1,Flat,2,ABDM,20.78475055,60-80
1,Flat,2,PDIO1,8.670769495,60-80
1,Flat,2,PDIO3,6.334472126,60-80
1,Flat,2,FDB,35.84309368,60-80
1,Flat,2,EDB,34.98300198,60-80
1,Flat,2,ABDH,54.69993442,80-100
1,Flat,2,ABDM,5.571778526,80-100
1,Flat,2,PDIO1,45.90939381,80-100
1,Flat,2,PDIO3,10.21959821,80-100
1,Flat,2,FDB,19.71169789,80-100
1,Flat,2,EDB,22.07158093,80-100
1,Flat,3,ABDH,21.39020384,0-20
1,Flat,3,ABDM,8.882914392,0-20
1,Flat,3,PDIO1,26.55704252,0-20
1,Flat,3,PDIO3,10.48791527,0-20
1,Flat,3,FDB,23.36018503,0-20
1,Flat,3,EDB,12.74917405,0-20
1,Flat,3,ABDH,14.60637096,20-40
1,Flat,3,ABDM,21.98271744,20-40
1,Flat,3,PDIO1,8.741687441,20-40
1,Flat,3,PDIO3,7.106498443,20-40
1,Flat,3,FDB,20.73386345,20-40
1,Flat,3,EDB,18.82255977,20-40
1,Flat,3,ABDH,6.981702281,40-60
1,Flat,3,ABDM,13.84153599,40-60
1,Flat,3,PDIO1,5.886482047,40-60
1,Flat,3,PDIO3,4.93494838,40-60
1,Flat,3,FDB,12.12386011,40-60
1,Flat,3,EDB,6.647364755,40-60
1,Flat,3,ABDH,29.93773356,60-80
1,Flat,3,ABDM,35.24810369,60-80
1,Flat,3,PDIO1,7.744732751,60-80
1,Flat,3,PDIO3,5.540849232,60-80
1,Flat,3,FDB,31.46728687,60-80
1,Flat,3,EDB,10.13131793,60-80
1,Flat,3,ABDH,48.4888452,80-100
1,Flat,3,ABDM,4.889737998,80-100
1,Flat,3,PDIO1,50.59860072,80-100
1,Flat,3,PDIO3,10.30575733,80-100
1,Flat,3,FDB,27.59027245,80-100
1,Flat,3,EDB,16.91124531,80-100
1,Flat,4,ABDH,19.72777385,0-20
1,Flat,4,ABDM,6.333529832,0-20
1,Flat,4,PDIO1,25.86409945,0-20
1,Flat,4,PDIO3,10.19697539,0-20
1,Flat,4,FDB,11.430738,0-20
1,Flat,4,EDB,7.7309352,0-20
1,Flat,4,ABDH,17.75366444,20-40
1,Flat,4,ABDM,43.54520147,20-40
1,Flat,4,PDIO1,16.73850737,20-40
1,Flat,4,PDIO3,25.34548286,20-40
1,Flat,4,FDB,32.96805032,20-40
1,Flat,4,EDB,18.11185465,20-40
1,Flat,4,ABDH,7.115592421,40-60
1,Flat,4,ABDM,9.012638505,40-60
1,Flat,4,PDIO1,16.25938352,40-60
1,Flat,4,PDIO3,17.62049055,40-60
1,Flat,4,FDB,11.32320499,40-60
1,Flat,4,EDB,6.833575832,40-60
1,Flat,4,ABDH,14.92310901,60-80
1,Flat,4,ABDM,20.43922465,60-80
1,Flat,4,PDIO1,22.73969255,60-80
1,Flat,4,PDIO3,12.60638935,60-80
1,Flat,4,FDB,30.58287421,60-80
1,Flat,4,EDB,22.37676389,60-80
1,Flat,4,ABDH,44.23198465,80-100
1,Flat,4,ABDM,4.975514716,80-100
1,Flat,4,PDIO1,38.89203396,80-100
1,Flat,4,PDIO3,9.914090863,80-100
1,Flat,4,FDB,22.46478255,80-100
1,Flat,4,EDB,21.90043667,80-100
1,Upslope,1,ABDH,45.4462675,0-20
1,Upslope,1,ABDM,18.22415325,0-20
1,Upslope,1,PDIO1,33.48163139,0-20
1,Upslope,1,PDIO3,41.12587266,0-20
1,Upslope,1,FDB,30.69304675,0-20
1,Upslope,1,EDB,11.1716738,0-20
1,Upslope,1,ABDH,29.97511281,20-40
1,Upslope,1,ABDM,9.38759044,20-40
1,Upslope,1,PDIO1,22.43725558,20-40
1,Upslope,1,PDIO3,31.39073541,20-40
1,Upslope,1,FDB,18.85176139,20-40
1,Upslope,1,EDB,9.485945119,20-40
1,Upslope,1,ABDH,29.9992358,40-60
1,Upslope,1,ABDM,3.959577284,40-60
1,Upslope,1,PDIO1,14.37278112,40-60
1,Upslope,1,PDIO3,10.95725103,40-60
1,Upslope,1,FDB,8.28660011,40-60
1,Upslope,1,EDB,7.724749119,40-60
1,Upslope,1,ABDH,30.52992472,60-80
1,Upslope,1,ABDM,10.76823486,60-80
1,Upslope,1,PDIO1,9.313963798,60-80
1,Upslope,1,PDIO3,6.915915706,60-80
1,Upslope,1,FDB,45.63499174,60-80
1,Upslope,1,EDB,14.12236804,60-80
1,Upslope,1,ABDH,55.28126319,80-100
1,Upslope,1,ABDM,4.740617706,80-100
1,Upslope,1,PDIO1,38.28271987,80-100
1,Upslope,1,PDIO3,10.89950817,80-100
1,Upslope,1,FDB,20.57674228,80-100
1,Upslope,1,EDB,17.04408339,80-100
1,Upslope,2,ABDH,67.74032319,0-20
1,Upslope,2,ABDM,4.785778861,0-20
1,Upslope,2,PDIO1,26.30407876,0-20
1,Upslope,2,PDIO3,12.75418591,0-20
1,Upslope,2,FDB,19.35442909,0-20
1,Upslope,2,EDB,8.152716351,0-20
1,Upslope,2,ABDH,87.83892278,20-40
1,Upslope,2,ABDM,3.834147761,20-40
1,Upslope,2,PDIO1,41.67336911,20-40
1,Upslope,2,PDIO3,10.72890193,20-40
1,Upslope,2,FDB,17.57560836,20-40
1,Upslope,2,EDB,8.267393069,20-40
1,Upslope,2,ABDH,83.37947992,40-60
1,Upslope,2,ABDM,8.591087181,40-60
1,Upslope,2,PDIO1,40.83698977,40-60
1,Upslope,2,PDIO3,25.5666471,40-60
1,Upslope,2,FDB,29.0677029,40-60
1,Upslope,2,EDB,10.8789673,40-60
1,Upslope,2,ABDH,51.06646913,60-80
1,Upslope,2,ABDM,12.66192533,60-80
1,Upslope,2,PDIO1,19.93516593,60-80
1,Upslope,2,PDIO3,15.90972046,60-80
1,Upslope,2,FDB,51.98154923,60-80
1,Upslope,2,EDB,11.90060732,60-80
1,Upslope,2,ABDH,39.98676747,80-100
1,Upslope,2,ABDM,4.602808264,80-100
1,Upslope,2,PDIO1,53.37197334,80-100
1,Upslope,2,PDIO3,12.62058967,80-100
1,Upslope,2,FDB,20.66080145,80-100
1,Upslope,2,EDB,11.68282012,80-100
1,Upslope,3,ABDH,45.29853046,0-20
1,Upslope,3,ABDM,8.379775706,0-20
1,Upslope,3,PDIO1,21.99720986,0-20
1,Upslope,3,PDIO3,31.6954007,0-20
1,Upslope,3,FDB,23.63570043,0-20
1,Upslope,3,EDB,10.16964253,0-20
1,Upslope,3,ABDH,44.09941605,20-40
1,Upslope,3,ABDM,21.04550248,20-40
1,Upslope,3,PDIO1,23.66731805,20-40
1,Upslope,3,PDIO3,26.26368006,20-40
1,Upslope,3,FDB,26.86200118,20-40
1,Upslope,3,EDB,11.99839141,20-40
1,Upslope,3,ABDH,46.9538976,40-60
1,Upslope,3,ABDM,18.99478694,40-60
1,Upslope,3,PDIO1,21.2891734,40-60
1,Upslope,3,PDIO3,27.9480989,40-60
1,Upslope,3,FDB,24.84343934,40-60
1,Upslope,3,EDB,12.84830356,40-60
1,Upslope,3,ABDH,34.74207255,60-80
1,Upslope,3,ABDM,22.35710308,60-80
1,Upslope,3,PDIO1,6.756173598,60-80
1,Upslope,3,PDIO3,6.695180716,60-80
1,Upslope,3,FDB,50.93910658,60-80
1,Upslope,3,EDB,10.06824375,60-80
1,Upslope,3,ABDH,31.66982534,80-100
1,Upslope,3,ABDM,8.62739207,80-100
1,Upslope,3,PDIO1,26.50768677,80-100
1,Upslope,3,PDIO3,9.932336828,80-100
1,Upslope,3,FDB,23.0267858,80-100
1,Upslope,3,EDB,12.9244242,80-100
1,Upslope,4,ABDH,29.06408156,0-20
1,Upslope,4,ABDM,5.981943223,0-20
1,Upslope,4,PDIO1,17.37447055,0-20
1,Upslope,4,PDIO3,25.75557002,0-20
1,Upslope,4,FDB,14.77394204,0-20
1,Upslope,4,EDB,7.629574625,0-20
1,Upslope,4,ABDH,23.94281855,20-40
1,Upslope,4,ABDM,30.43068854,20-40
1,Upslope,4,PDIO1,31.16902139,20-40
1,Upslope,4,PDIO3,37.20922107,20-40
1,Upslope,4,FDB,32.92478398,20-40
1,Upslope,4,EDB,12.93584564,20-40
1,Upslope,4,ABDH,29.62913221,40-60
1,Upslope,4,ABDM,17.60638011,40-60
1,Upslope,4,PDIO1,21.81146896,40-60
1,Upslope,4,PDIO3,33.67952193,40-60
1,Upslope,4,FDB,23.82927325,40-60
1,Upslope,4,EDB,11.82473327,40-60
1,Upslope,4,ABDH,69.26570454,60-80
1,Upslope,4,ABDM,8.193636,60-80
1,Upslope,4,PDIO1,10.5309653,60-80
1,Upslope,4,PDIO3,6.100631125,60-80
1,Upslope,4,FDB,33.2317242,60-80
1,Upslope,4,EDB,9.453899964,60-80
1,Upslope,4,ABDH,35.9467785,80-100
1,Upslope,4,ABDM,3.485472904,80-100
1,Upslope,4,PDIO1,35.45607398,80-100
1,Upslope,4,PDIO3,10.49623089,80-100
1,Upslope,4,FDB,17.80470868,80-100
1,Upslope,4,EDB,16.38966661,80-100
1,Upslope,5,ABDH,73.01626806,0-20
1,Upslope,5,ABDM,5.18254594,0-20
1,Upslope,5,PDIO1,25.49233226,0-20
1,Upslope,5,PDIO3,10.78059109,0-20
1,Upslope,5,FDB,19.55400737,0-20
1,Upslope,5,EDB,7.800879248,0-20
1,Upslope,5,ABDH,29.1417318,20-40
1,Upslope,5,ABDM,19.08159628,20-40
1,Upslope,5,PDIO1,19.36380932,20-40
1,Upslope,5,PDIO3,30.34808613,20-40
1,Upslope,5,FDB,23.16694528,20-40
1,Upslope,5,EDB,11.50438352,20-40
1,Upslope,5,ABDH,34.42104132,40-60
1,Upslope,5,ABDM,19.0672625,40-60
1,Upslope,5,PDIO1,13.92811765,40-60
1,Upslope,5,PDIO3,25.65871205,40-60
1,Upslope,5,FDB,29.68022831,40-60
1,Upslope,5,EDB,11.53784237,40-60
1,Upslope,5,ABDH,44.85161071,60-80
1,Upslope,5,ABDM,41.31444748,60-80
1,Upslope,5,PDIO1,6.407334756,60-80
1,Upslope,5,PDIO3,11.6662285,60-80
1,Upslope,5,FDB,61.23546184,60-80
1,Upslope,5,EDB,16.49826566,60-80
1,Upslope,5,ABDH,31.81000241,80-100
1,Upslope,5,ABDM,9.58744297,80-100
1,Upslope,5,PDIO1,50.01859861,80-100
1,Upslope,5,PDIO3,11.59108186,80-100
1,Upslope,5,FDB,18.4166991,80-100
1,Upslope,5,EDB,9.498048289,80-100
1,Downslope,1,ABDH,16.37779532,0-20
1,Downslope,1,ABDM,16.57962022,0-20
1,Downslope,1,PDIO1,28.56877668,0-20
1,Downslope,1,PDIO3,15.58217421,0-20
1,Downslope,1,FDB,31.61095068,0-20
1,Downslope,1,EDB,11.26775191,0-20
1,Downslope,1,ABDH,21.59413372,20-40
1,Downslope,1,ABDM,64.83140415,20-40
1,Downslope,1,PDIO1,23.66811585,20-40
1,Downslope,1,PDIO3,67.26880547,20-40
1,Downslope,1,FDB,47.18771272,20-40
1,Downslope,1,EDB,52.15353636,20-40
1,Downslope,1,ABDH,13.63051172,40-60
1,Downslope,1,ABDM,40.92884208,40-60
1,Downslope,1,PDIO1,24.49284328,40-60
1,Downslope,1,PDIO3,47.60974881,40-60
1,Downslope,1,FDB,30.52025981,40-60
1,Downslope,1,EDB,35.85962387,40-60
1,Downslope,1,ABDH,13.63283945,60-80
1,Downslope,1,ABDM,32.46138372,60-80
1,Downslope,1,PDIO1,14.62722464,60-80
1,Downslope,1,PDIO3,30.09025683,60-80
1,Downslope,1,FDB,31.73982306,60-80
1,Downslope,1,EDB,45.61418734,60-80
1,Downslope,1,ABDH,16.44647036,80-100
1,Downslope,1,ABDM,3.430693179,80-100
1,Downslope,1,PDIO1,22.20621964,80-100
1,Downslope,1,PDIO3,9.91544617,80-100
1,Downslope,1,FDB,13.29494719,80-100
1,Downslope,1,EDB,6.39177366,80-100
1,Downslope,2,ABDH,10.1203179,0-20
1,Downslope,2,ABDM,31.26053596,0-20
1,Downslope,2,PDIO1,14.85994709,0-20
1,Downslope,2,PDIO3,27.18691218,0-20
1,Downslope,2,FDB,33.3290679,0-20
1,Downslope,2,EDB,31.76003977,0-20
1,Downslope,2,ABDH,10.09813813,20-40
1,Downslope,2,ABDM,22.00819002,20-40
1,Downslope,2,PDIO1,29.26522092,20-40
1,Downslope,2,PDIO3,47.18103909,20-40
1,Downslope,2,FDB,20.05032491,20-40
1,Downslope,2,EDB,14.17206852,20-40
1,Downslope,2,ABDH,12.21059805,40-60
1,Downslope,2,ABDM,38.43314017,40-60
1,Downslope,2,PDIO1,29.33090869,40-60
1,Downslope,2,PDIO3,42.9199916,40-60
1,Downslope,2,FDB,25.58632378,40-60
1,Downslope,2,EDB,19.25366518,40-60
1,Downslope,2,ABDH,13.0242878,60-80
1,Downslope,2,ABDM,30.72196703,60-80
1,Downslope,2,PDIO1,34.03468632,60-80
1,Downslope,2,PDIO3,40.14372852,60-80
1,Downslope,2,FDB,32.31198678,60-80
1,Downslope,2,EDB,46.71088401,60-80
1,Downslope,2,ABDH,21.09444642,80-100
1,Downslope,2,ABDM,3.265206763,80-100
1,Downslope,2,PDIO1,41.80530229,80-100
1,Downslope,2,PDIO3,14.17757422,80-100
1,Downslope,2,FDB,10.27534578,80-100
1,Downslope,2,EDB,18.51581636,80-100
1,Downslope,3,ABDH,9.348235058,0-20
1,Downslope,3,ABDM,22.93400799,0-20
1,Downslope,3,PDIO1,31.70454093,0-20
1,Downslope,3,PDIO3,37.06488203,0-20
1,Downslope,3,FDB,22.17535266,0-20
1,Downslope,3,EDB,31.03178284,0-20
1,Downslope,3,ABDH,11.26736108,20-40
1,Downslope,3,ABDM,29.45777046,20-40
1,Downslope,3,PDIO1,25.21119763,20-40
1,Downslope,3,PDIO3,40.74441699,20-40
1,Downslope,3,FDB,23.89732427,20-40
1,Downslope,3,EDB,36.64879788,20-40
1,Downslope,3,ABDH,12.50603911,40-60
1,Downslope,3,ABDM,30.79537861,40-60
1,Downslope,3,PDIO1,27.95529012,40-60
1,Downslope,3,PDIO3,44.91065598,40-60
1,Downslope,3,FDB,23.58876813,40-60
1,Downslope,3,EDB,32.66208517,40-60
1,Downslope,3,ABDH,16.90751583,60-80
1,Downslope,3,ABDM,38.43742247,60-80
1,Downslope,3,PDIO1,24.06698608,60-80
1,Downslope,3,PDIO3,32.82437954,60-80
1,Downslope,3,FDB,34.42676274,60-80
1,Downslope,3,EDB,71.97499407,60-80
1,Downslope,3,ABDH,16.82969907,80-100
1,Downslope,3,ABDM,4.312632181,80-100
1,Downslope,3,PDIO1,30.0410162,80-100
1,Downslope,3,PDIO3,10.15455911,80-100
1,Downslope,3,FDB,10.59198417,80-100
1,Downslope,3,EDB,36.24342606,80-100
1,Downslope,4,ABDH,10.85299618,0-20
1,Downslope,4,ABDM,24.11717937,0-20
1,Downslope,4,PDIO1,33.44483004,0-20
1,Downslope,4,PDIO3,21.64081871,0-20
1,Downslope,4,FDB,30.20889311,0-20
1,Downslope,4,EDB,12.33808777,0-20
1,Downslope,4,ABDH,12.72672523,20-40
1,Downslope,4,ABDM,43.42375977,20-40
1,Downslope,4,PDIO1,17.47196568,20-40
1,Downslope,4,PDIO3,28.77258211,20-40
1,Downslope,4,FDB,31.33048395,20-40
1,Downslope,4,EDB,34.39158787,20-40
1,Downslope,4,ABDH,15.76864575,40-60
1,Downslope,4,ABDM,47.28010998,40-60
1,Downslope,4,PDIO1,14.79325532,40-60
1,Downslope,4,PDIO3,41.11336033,40-60
1,Downslope,4,FDB,30.96928748,40-60
1,Downslope,4,EDB,33.37823886,40-60
1,Downslope,4,ABDH,18.17968292,60-80
1,Downslope,4,ABDM,35.61236352,60-80
1,Downslope,4,PDIO1,9.247683386,60-80
1,Downslope,4,PDIO3,19.89733818,60-80
1,Downslope,4,FDB,42.09673209,60-80
1,Downslope,4,EDB,43.5367281,60-80
1,Downslope,4,ABDH,28.53284706,80-100
1,Downslope,4,ABDM,2.896233483,80-100
1,Downslope,4,PDIO1,25.26066127,80-100
1,Downslope,4,PDIO3,7.474206321,80-100
1,Downslope,4,FDB,14.07436959,80-100
1,Downslope,4,EDB,17.9437425,80-100
1,Downslope,5,ABDH,16.37779532,0-20
1,Downslope,5,ABDM,16.57962022,0-20
1,Downslope,5,PDIO1,28.56877668,0-20
1,Downslope,5,PDIO3,15.58217421,0-20
1,Downslope,5,FDB,31.61095068,0-20
1,Downslope,5,EDB,11.26775191,0-20
1,Downslope,5,ABDH,21.59413372,20-40
1,Downslope,5,ABDM,64.83140415,20-40
1,Downslope,5,PDIO1,23.66811585,20-40
1,Downslope,5,PDIO3,67.26880547,20-40
1,Downslope,5,FDB,47.18771272,20-40
1,Downslope,5,EDB,52.15353636,20-40
1,Downslope,5,ABDH,13.63051172,40-60
1,Downslope,5,ABDM,40.92884208,40-60
1,Downslope,5,PDIO1,24.49284328,40-60
1,Downslope,5,PDIO3,47.60974881,40-60
1,Downslope,5,FDB,30.52025981,40-60
1,Downslope,5,EDB,35.85962387,40-60
1,Downslope,5,ABDH,13.63283945,60-80
1,Downslope,5,ABDM,32.46138372,60-80
1,Downslope,5,PDIO1,14.62722464,60-80
1,Downslope,5,PDIO3,30.09025683,60-80
1,Downslope,5,FDB,31.73982306,60-80
1,Downslope,5,EDB,45.61418734,60-80
1,Downslope,5,ABDH,16.44647036,80-100
1,Downslope,5,ABDM,3.430693179,80-100
1,Downslope,5,PDIO1,22.20621964,80-100
1,Downslope,5,PDIO3,9.91544617,80-100
1,Downslope,5,FDB,13.29494719,80-100
1,Downslope,5,EDB,6.39177366,80-100
2,Flat,1,ABDH,7.588423819,0-20
2,Flat,1,ABDM,8.592725653,0-20
2,Flat,1,PDIO1,12.00861196,0-20
2,Flat,1,PDIO3,18.07554146,0-20
2,Flat,1,FDB,34.76187035,0-20
2,Flat,1,EDB,32.05745276,0-20
2,Flat,1,ABDH,7.18739495,20-40
2,Flat,1,ABDM,5.515534322,20-40
2,Flat,1,PDIO1,9.61586505,20-40
2,Flat,1,PDIO3,12.36584168,20-40
2,Flat,1,FDB,16.92595171,20-40
2,Flat,1,EDB,16.16338691,20-40
2,Flat,1,ABDH,17.30707995,40-60
2,Flat,1,ABDM,12.47197045,40-60
2,Flat,1,PDIO1,16.18114525,40-60
2,Flat,1,PDIO3,12.27051749,40-60
2,Flat,1,FDB,22.45242168,40-60
2,Flat,1,EDB,12.6823194,40-60
2,Flat,1,ABDH,63.87848844,60-80
2,Flat,1,ABDM,16.6576193,60-80
2,Flat,1,PDIO1,40.17688116,60-80
2,Flat,1,PDIO3,22.83096623,60-80
2,Flat,1,FDB,62.08373015,60-80
2,Flat,1,EDB,12.7130854,60-80
2,Flat,1,ABDH,31.55901078,80-100
2,Flat,1,ABDM,9.221359623,80-100
2,Flat,1,PDIO1,40.61828317,80-100
2,Flat,1,PDIO3,29.44292198,80-100
2,Flat,1,FDB,27.44373894,80-100
2,Flat,1,EDB,25.61287281,80-100
2,Flat,2,ABDH,27.41788525,0-20
2,Flat,2,ABDM,7.754237121,0-20
2,Flat,2,PDIO1,16.6305303,0-20
2,Flat,2,PDIO3,22.00121667,0-20
2,Flat,2,FDB,44.44876237,0-20
2,Flat,2,EDB,35.36697429,0-20
2,Flat,2,ABDH,26.30932081,20-40
2,Flat,2,ABDM,5.615973813,20-40
2,Flat,2,PDIO1,13.77567303,20-40
2,Flat,2,PDIO3,14.95603689,20-40
2,Flat,2,FDB,23.7292697,20-40
2,Flat,2,EDB,9.819000076,20-40
2,Flat,2,ABDH,38.96314591,40-60
2,Flat,2,ABDM,12.29519846,40-60
2,Flat,2,PDIO1,14.00369717,40-60
2,Flat,2,PDIO3,11.97715205,40-60
2,Flat,2,FDB,26.43780568,40-60
2,Flat,2,EDB,12.83710944,40-60
2,Flat,2,ABDH,51.20797828,60-80
2,Flat,2,ABDM,20.40092828,60-80
2,Flat,2,PDIO1,26.20604952,60-80
2,Flat,2,PDIO3,25.29232886,60-80
2,Flat,2,FDB,57.36128687,60-80
2,Flat,2,EDB,20.93371697,60-80
2,Flat,2,ABDH,13.76556189,80-100
2,Flat,2,ABDM,9.140381364,80-100
2,Flat,2,PDIO1,37.74164848,80-100
2,Flat,2,PDIO3,28.48801086,80-100
2,Flat,2,FDB,17.83632939,80-100
2,Flat,2,EDB,24.14691712,80-100
2,Flat,3,ABDH,27.41788525,0-20
2,Flat,3,ABDM,7.754237121,0-20
2,Flat,3,PDIO1,16.6305303,0-20
2,Flat,3,PDIO3,22.00121667,0-20
2,Flat,3,FDB,44.44876237,0-20
2,Flat,3,EDB,35.36697429,0-20
2,Flat,3,ABDH,26.30932081,20-40
2,Flat,3,ABDM,5.615973813,20-40
2,Flat,3,PDIO1,13.77567303,20-40
2,Flat,3,PDIO3,14.95603689,20-40
2,Flat,3,FDB,23.7292697,20-40
2,Flat,3,EDB,9.819000076,20-40
2,Flat,3,ABDH,38.96314591,40-60
2,Flat,3,ABDM,12.29519846,40-60
2,Flat,3,PDIO1,14.00369717,40-60
2,Flat,3,PDIO3,11.97715205,40-60
2,Flat,3,FDB,26.43780568,40-60
2,Flat,3,EDB,12.83710944,40-60
2,Flat,3,ABDH,51.20797828,60-80
2,Flat,3,ABDM,20.40092828,60-80
2,Flat,3,PDIO1,26.20604952,60-80
2,Flat,3,PDIO3,25.29232886,60-80
2,Flat,3,FDB,57.36128687,60-80
2,Flat,3,EDB,20.93371697,60-80
2,Flat,3,ABDH,13.76556189,80-100
2,Flat,3,ABDM,9.140381364,80-100
2,Flat,3,PDIO1,37.74164848,80-100
2,Flat,3,PDIO3,28.48801086,80-100
2,Flat,3,FDB,17.83632939,80-100
2,Flat,3,EDB,24.14691712,80-100
2,Flat,4,ABDH,23.48682215,0-20
2,Flat,4,ABDM,7.613357513,0-20
2,Flat,4,PDIO1,24.66868636,0-20
2,Flat,4,PDIO3,14.98044738,0-20
2,Flat,4,FDB,39.21248615,0-20
2,Flat,4,EDB,10.45346387,0-20
2,Flat,4,ABDH,23.30418338,20-40
2,Flat,4,ABDM,4.985010974,20-40
2,Flat,4,PDIO1,15.30253382,20-40
2,Flat,4,PDIO3,10.82380679,20-40
2,Flat,4,FDB,20.64565205,20-40
2,Flat,4,EDB,8.808096282,20-40
2,Flat,4,ABDH,40.48578282,40-60
2,Flat,4,ABDM,11.13055479,40-60
2,Flat,4,PDIO1,18.20218644,40-60
2,Flat,4,PDIO3,12.87335146,40-60
2,Flat,4,FDB,23.19609351,40-60
2,Flat,4,EDB,10.07256592,40-60
2,Flat,4,ABDH,57.28188462,60-80
2,Flat,4,ABDM,17.51874549,60-80
2,Flat,4,PDIO1,30.10609,60-80
2,Flat,4,PDIO3,21.33450051,60-80
2,Flat,4,FDB,44.7584959,60-80
2,Flat,4,EDB,17.06644331,60-80
2,Flat,4,ABDH,10.8199261,80-100
2,Flat,4,ABDM,7.700134154,80-100
2,Flat,4,PDIO1,31.10586692,80-100
2,Flat,4,PDIO3,28.10097997,80-100
2,Flat,4,FDB,14.42506879,80-100
2,Flat,4,EDB,16.64192967,80-100
2,Flat,5,ABDH,14.63871418,0-20
2,Flat,5,ABDM,8.111937429,0-20
2,Flat,5,PDIO1,18.62449047,0-20
2,Flat,5,PDIO3,26.61683255,0-20
2,Flat,5,FDB,57.15566052,0-20
2,Flat,5,EDB,48.43349317,0-20
2,Flat,5,ABDH,6.329736,20-40
2,Flat,5,ABDM,5.584508935,20-40
2,Flat,5,PDIO1,12.02674704,20-40
2,Flat,5,PDIO3,10.9072834,20-40
2,Flat,5,FDB,27.3842361,20-40
2,Flat,5,EDB,27.1687586,20-40
2,Flat,5,ABDH,12.36187003,40-60
2,Flat,5,ABDM,8.609620935,40-60
2,Flat,5,PDIO1,16.29380384,40-60
2,Flat,5,PDIO3,13.30886634,40-60
2,Flat,5,FDB,19.28886286,40-60
2,Flat,5,EDB,17.0451833,40-60
2,Flat,5,ABDH,47.6540587,60-80
2,Flat,5,ABDM,16.49840392,60-80
2,Flat,5,PDIO1,35.83618057,60-80
2,Flat,5,PDIO3,21.69228257,60-80
2,Flat,5,FDB,47.43858753,60-80
2,Flat,5,EDB,14.75729426,60-80
2,Flat,5,ABDH,12.2510806,80-100
2,Flat,5,ABDM,7.642653766,80-100
2,Flat,5,PDIO1,47.97797766,80-100
2,Flat,5,PDIO3,41.63103561,80-100
2,Flat,5,FDB,15.93976275,80-100
2,Flat,5,EDB,16.42491392,80-100
2,Upslope,1,ABDH,51.78599404,0-20
2,Upslope,1,ABDM,11.56295543,0-20
2,Upslope,1,PDIO1,28.79198985,0-20
2,Upslope,1,PDIO3,22.67030849,0-20
2,Upslope,1,FDB,56.07387643,0-20
2,Upslope,1,EDB,17.56057278,0-20
2,Upslope,1,ABDH,43.10486948,20-40
2,Upslope,1,ABDM,7.829168486,20-40
2,Upslope,1,PDIO1,19.24657134,20-40
2,Upslope,1,PDIO3,11.76856759,20-40
2,Upslope,1,FDB,24.19231563,20-40
2,Upslope,1,EDB,26.32985469,20-40
2,Upslope,1,ABDH,69.02560844,40-60
2,Upslope,1,ABDM,9.643383201,40-60
2,Upslope,1,PDIO1,25.52793727,40-60
2,Upslope,1,PDIO3,16.08584777,40-60
2,Upslope,1,FDB,26.07150794,40-60
2,Upslope,1,EDB,15.06235995,40-60
2,Upslope,1,ABDH,69.98951687,60-80
2,Upslope,1,ABDM,15.04426573,60-80
2,Upslope,1,PDIO1,21.2225101,60-80
2,Upslope,1,PDIO3,18.32071945,60-80
2,Upslope,1,FDB,42.30451166,60-80
2,Upslope,1,EDB,14.92560809,60-80
2,Upslope,1,ABDH,27.39055799,80-100
2,Upslope,1,ABDM,11.14228826,80-100
2,Upslope,1,PDIO1,25.75809968,80-100
2,Upslope,1,PDIO3,21.14099352,80-100
2,Upslope,1,FDB,26.93726303,80-100
2,Upslope,1,EDB,37.04657658,80-100
2,Upslope,2,ABDH,58.79613307,0-20
2,Upslope,2,ABDM,11.5619231,0-20
2,Upslope,2,PDIO1,40.17268099,0-20
2,Upslope,2,PDIO3,26.18877555,0-20
2,Upslope,2,FDB,51.2042651,0-20
2,Upslope,2,EDB,13.26374286,0-20
2,Upslope,2,ABDH,75.45292474,20-40
2,Upslope,2,ABDM,11.01612336,20-40
2,Upslope,2,PDIO1,43.6155125,20-40
2,Upslope,2,PDIO3,25.74450281,20-40
2,Upslope,2,FDB,32.07599635,20-40
2,Upslope,2,EDB,16.23664604,20-40
2,Upslope,2,ABDH,77.97986771,40-60
2,Upslope,2,ABDM,11.96033969,40-60
2,Upslope,2,PDIO1,31.65710495,40-60
2,Upslope,2,PDIO3,24.79213031,40-60
2,Upslope,2,FDB,34.18005078,40-60
2,Upslope,2,EDB,33.07284193,40-60
2,Upslope,2,ABDH,70.85637865,60-80
2,Upslope,2,ABDM,18.14674086,60-80
2,Upslope,2,PDIO1,33.61138151,60-80
2,Upslope,2,PDIO3,24.92915477,60-80
2,Upslope,2,FDB,52.22397682,60-80
2,Upslope,2,EDB,19.2580518,60-80
2,Upslope,2,ABDH,36.86149365,80-100
2,Upslope,2,ABDM,9.304730443,80-100
2,Upslope,2,PDIO1,19.69320807,80-100
2,Upslope,2,PDIO3,20.46605664,80-100
2,Upslope,2,FDB,21.22347008,80-100
2,Upslope,2,EDB,34.57695086,80-100
2,Upslope,3,ABDH,54.39956366,0-20
2,Upslope,3,ABDM,10.19228707,0-20
2,Upslope,3,PDIO1,22.76493705,0-20
2,Upslope,3,PDIO3,17.41417337,0-20
2,Upslope,3,FDB,53.32622439,0-20
2,Upslope,3,EDB,10.94626905,0-20
2,Upslope,3,ABDH,67.37383732,20-40
2,Upslope,3,ABDM,10.04896234,20-40
2,Upslope,3,PDIO1,36.6919522,20-40
2,Upslope,3,PDIO3,23.95369083,20-40
2,Upslope,3,FDB,34.20651146,20-40
2,Upslope,3,EDB,13.5563032,20-40
2,Upslope,3,ABDH,71.42464,40-60
2,Upslope,3,ABDM,11.52984037,40-60
2,Upslope,3,PDIO1,42.7020422,40-60
2,Upslope,3,PDIO3,25.92114659,40-60
2,Upslope,3,FDB,28.58569854,40-60
2,Upslope,3,EDB,14.46221124,40-60
2,Upslope,3,ABDH,72.66670268,60-80
2,Upslope,3,ABDM,16.63312559,60-80
2,Upslope,3,PDIO1,35.84317078,60-80
2,Upslope,3,PDIO3,24.04939866,60-80
2,Upslope,3,FDB,54.67582878,60-80
2,Upslope,3,EDB,19.74886766,60-80
2,Upslope,3,ABDH,23.44016083,80-100
2,Upslope,3,ABDM,9.156603585,80-100
2,Upslope,3,PDIO1,26.22574212,80-100
2,Upslope,3,PDIO3,24.72504371,80-100
2,Upslope,3,FDB,24.83626478,80-100
2,Upslope,3,EDB,37.3347381,80-100
2,Upslope,4,ABDH,60.12281853,0-20
2,Upslope,4,ABDM,10.85805262,0-20
2,Upslope,4,PDIO1,27.00983248,0-20
2,Upslope,4,PDIO3,17.54778229,0-20
2,Upslope,4,FDB,56.52713597,0-20
2,Upslope,4,EDB,10.91830937,0-20
2,Upslope,4,ABDH,61.28568556,20-40
2,Upslope,4,ABDM,9.15924703,20-40
2,Upslope,4,PDIO1,30.82039809,20-40
2,Upslope,4,PDIO3,15.7926654,20-40
2,Upslope,4,FDB,28.5821594,20-40
2,Upslope,4,EDB,16.88405526,20-40
2,Upslope,4,ABDH,71.71123787,40-60
2,Upslope,4,ABDM,14.62165561,40-60
2,Upslope,4,PDIO1,30.68023297,40-60
2,Upslope,4,PDIO3,20.21352188,40-60
2,Upslope,4,FDB,39.32534414,40-60
2,Upslope,4,EDB,21.89066621,40-60
2,Upslope,4,ABDH,56.21548202,60-80
2,Upslope,4,ABDM,18.22994646,60-80
2,Upslope,4,PDIO1,21.84975624,60-80
2,Upslope,4,PDIO3,18.19930474,60-80
2,Upslope,4,FDB,51.27977984,60-80
2,Upslope,4,EDB,18.0525315,60-80
2,Upslope,4,ABDH,17.11632112,80-100
2,Upslope,4,ABDM,10.7044149,80-100
2,Upslope,4,PDIO1,26.79632646,80-100
2,Upslope,4,PDIO3,23.89779065,80-100
2,Upslope,4,FDB,24.25143738,80-100
2,Upslope,4,EDB,23.74633678,80-100
2,Upslope,5,ABDH,35.35373288,0-20
2,Upslope,5,ABDM,10.68379161,0-20
2,Upslope,5,PDIO1,17.59991688,0-20
2,Upslope,5,PDIO3,11.09547452,0-20
2,Upslope,5,FDB,45.3362787,0-20
2,Upslope,5,EDB,12.42569465,0-20
2,Upslope,5,ABDH,54.63468756,20-40
2,Upslope,5,ABDM,10.64894055,20-40
2,Upslope,5,PDIO1,20.98995208,20-40
2,Upslope,5,PDIO3,16.37692135,20-40
2,Upslope,5,FDB,24.62313792,20-40
2,Upslope,5,EDB,11.92390732,20-40
2,Upslope,5,ABDH,66.85321922,40-60
2,Upslope,5,ABDM,13.14206016,40-60
2,Upslope,5,PDIO1,21.99676564,40-60
2,Upslope,5,PDIO3,16.47026132,40-60
2,Upslope,5,FDB,32.23153117,40-60
2,Upslope,5,EDB,14.55561455,40-60
2,Upslope,5,ABDH,67.91284494,60-80
2,Upslope,5,ABDM,19.88210623,60-80
2,Upslope,5,PDIO1,27.25148525,60-80
2,Upslope,5,PDIO3,20.62339551,60-80
2,Upslope,5,FDB,51.22914935,60-80
2,Upslope,5,EDB,19.23957561,60-80
2,Upslope,5,ABDH,21.08787922,80-100
2,Upslope,5,ABDM,10.7899134,80-100
2,Upslope,5,PDIO1,24.8671261,80-100
2,Upslope,5,PDIO3,22.37851236,80-100
2,Upslope,5,FDB,22.06232971,80-100
2,Upslope,5,EDB,38.09490361,80-100
2,Downslope,1,ABDH,16.68437365,0-20
2,Downslope,1,ABDM,11.70288605,0-20
2,Downslope,1,PDIO1,21.21157557,0-20
2,Downslope,1,PDIO3,25.03349171,0-20
2,Downslope,1,FDB,56.35041713,0-20
2,Downslope,1,EDB,43.01728509,0-20
2,Downslope,1,ABDH,7.630958866,20-40
2,Downslope,1,ABDM,12.55271599,20-40
2,Downslope,1,PDIO1,23.06850531,20-40
2,Downslope,1,PDIO3,20.38125423,20-40
2,Downslope,1,FDB,20.95759753,20-40
2,Downslope,1,EDB,25.39420489,20-40
2,Downslope,1,ABDH,11.99974275,40-60
2,Downslope,1,ABDM,25.74929456,40-60
2,Downslope,1,PDIO1,19.15918539,40-60
2,Downslope,1,PDIO3,24.18126499,40-60
2,Downslope,1,FDB,34.71801572,40-60
2,Downslope,1,EDB,32.86971776,40-60
2,Downslope,1,ABDH,40.44399068,60-80
2,Downslope,1,ABDM,32.45505647,60-80
2,Downslope,1,PDIO1,65.5761403,60-80
2,Downslope,1,PDIO3,41.43049043,60-80
2,Downslope,1,FDB,51.56069068,60-80
2,Downslope,1,EDB,30.58503552,60-80
2,Downslope,1,ABDH,20.68011088,80-100
2,Downslope,1,ABDM,7.10962728,80-100
2,Downslope,1,PDIO1,28.1835136,80-100
2,Downslope,1,PDIO3,20.87912748,80-100
2,Downslope,1,FDB,18.61449499,80-100
2,Downslope,1,EDB,21.34904131,80-100
2,Downslope,2,ABDH,16.66585955,0-20
2,Downslope,2,ABDM,7.108769728,0-20
2,Downslope,2,PDIO1,10.38309012,0-20
2,Downslope,2,PDIO3,18.46583235,0-20
2,Downslope,2,FDB,29.36398765,0-20
2,Downslope,2,EDB,58.28990421,0-20
2,Downslope,2,ABDH,4.208469851,20-40
2,Downslope,2,ABDM,14.22887755,20-40
2,Downslope,2,PDIO1,10.30614131,20-40
2,Downslope,2,PDIO3,24.01741183,20-40
2,Downslope,2,FDB,17.14524884,20-40
2,Downslope,2,EDB,51.34704354,20-40
2,Downslope,2,ABDH,5.412531312,40-60
2,Downslope,2,ABDM,16.18135032,40-60
2,Downslope,2,PDIO1,13.9780149,40-60
2,Downslope,2,PDIO3,16.46658723,40-60
2,Downslope,2,FDB,17.92332495,40-60
2,Downslope,2,EDB,53.97986064,40-60
2,Downslope,2,ABDH,33.65050594,60-80
2,Downslope,2,ABDM,22.16166262,60-80
2,Downslope,2,PDIO1,50.61084579,60-80
2,Downslope,2,PDIO3,33.4735604,60-80
2,Downslope,2,FDB,60.44732797,60-80
2,Downslope,2,EDB,18.433787,60-80
2,Downslope,2,ABDH,23.8655845,80-100
2,Downslope,2,ABDM,8.820432351,80-100
2,Downslope,2,PDIO1,32.72196911,80-100
2,Downslope,2,PDIO3,25.48894389,80-100
2,Downslope,2,FDB,25.48272243,80-100
2,Downslope,2,EDB,38.76106332,80-100
2,Downslope,3,ABDH,15.98761326,0-20
2,Downslope,3,ABDM,8.489777214,0-20
2,Downslope,3,PDIO1,13.64531219,0-20
2,Downslope,3,PDIO3,26.43890238,0-20
2,Downslope,3,FDB,42.35341962,0-20
2,Downslope,3,EDB,73.85360524,0-20
2,Downslope,3,ABDH,7.825882238,20-40
2,Downslope,3,ABDM,13.2491286,20-40
2,Downslope,3,PDIO1,23.18355531,20-40
2,Downslope,3,PDIO3,26.33454993,20-40
2,Downslope,3,FDB,20.18490031,20-40
2,Downslope,3,EDB,35.62655705,20-40
2,Downslope,3,ABDH,9.966243929,40-60
2,Downslope,3,ABDM,14.05179974,40-60
2,Downslope,3,PDIO1,20.04926779,40-60
2,Downslope,3,PDIO3,28.29840714,40-60
2,Downslope,3,FDB,29.70565845,40-60
2,Downslope,3,EDB,39.70313333,40-60
2,Downslope,3,ABDH,34.47575071,60-80
2,Downslope,3,ABDM,24.43018571,60-80
2,Downslope,3,PDIO1,71.68775052,60-80
2,Downslope,3,PDIO3,47.35203738,60-80
2,Downslope,3,FDB,48.79238333,60-80
2,Downslope,3,EDB,22.87046138,60-80
2,Downslope,3,ABDH,20.98111705,80-100
2,Downslope,3,ABDM,8.252760881,80-100
2,Downslope,3,PDIO1,33.85377769,80-100
2,Downslope,3,PDIO3,37.72363357,80-100
2,Downslope,3,FDB,19.96641531,80-100
2,Downslope,3,EDB,26.68572867,80-100
2,Downslope,4,ABDH,10.76248422,0-20
2,Downslope,4,ABDM,12.8213577,0-20
2,Downslope,4,PDIO1,9.993708454,0-20
2,Downslope,4,PDIO3,17.87221775,0-20
2,Downslope,4,FDB,58.48252857,0-20
2,Downslope,4,EDB,40.83162187,0-20
2,Downslope,4,ABDH,5.036990445,20-40
2,Downslope,4,ABDM,8.83522911,20-40
2,Downslope,4,PDIO1,8.315279391,20-40
2,Downslope,4,PDIO3,15.38831752,20-40
2,Downslope,4,FDB,26.83247002,20-40
2,Downslope,4,EDB,31.60918941,20-40
2,Downslope,4,ABDH,8.649077635,40-60
2,Downslope,4,ABDM,15.91209328,40-60
2,Downslope,4,PDIO1,14.35973361,40-60
2,Downslope,4,PDIO3,16.87257593,40-60
2,Downslope,4,FDB,24.00540164,40-60
2,Downslope,4,EDB,33.9514352,40-60
2,Downslope,4,ABDH,32.88755365,60-80
2,Downslope,4,ABDM,23.74514918,60-80
2,Downslope,4,PDIO1,50.84475878,60-80
2,Downslope,4,PDIO3,35.10675738,60-80
2,Downslope,4,FDB,48.57151475,60-80
2,Downslope,4,EDB,17.36937171,60-80
2,Downslope,4,ABDH,20.86108632,80-100
2,Downslope,4,ABDM,8.881833302,80-100
2,Downslope,4,PDIO1,27.64110234,80-100
2,Downslope,4,PDIO3,18.58315578,80-100
2,Downslope,4,FDB,25.12703616,80-100
2,Downslope,4,EDB,15.8223319,80-100
2,Downslope,5,ABDH,12.64832876,0-20
2,Downslope,5,ABDM,9.613267822,0-20
2,Downslope,5,PDIO1,8.633975891,0-20
2,Downslope,5,PDIO3,16.16010017,0-20
2,Downslope,5,FDB,51.36427995,0-20
2,Downslope,5,EDB,39.28388723,0-20
2,Downslope,5,ABDH,7.046443069,20-40
2,Downslope,5,ABDM,12.5397855,20-40
2,Downslope,5,PDIO1,12.7153375,20-40
2,Downslope,5,PDIO3,16.44207765,20-40
2,Downslope,5,FDB,26.51339752,20-40
2,Downslope,5,EDB,20.12917166,20-40
2,Downslope,5,ABDH,10.1990597,40-60
2,Downslope,5,ABDM,20.13823906,40-60
2,Downslope,5,PDIO1,12.35175861,40-60
2,Downslope,5,PDIO3,15.96294938,40-60
2,Downslope,5,FDB,24.55662079,40-60
2,Downslope,5,EDB,33.10499611,40-60
2,Downslope,5,ABDH,32.1390849,60-80
2,Downslope,5,ABDM,25.38991141,60-80
2,Downslope,5,PDIO1,43.94437673,60-80
2,Downslope,5,PDIO3,26.38802401,60-80
2,Downslope,5,FDB,51.84469728,60-80
2,Downslope,5,EDB,17.77164577,60-80
2,Downslope,5,ABDH,12.04513,80-100
2,Downslope,5,ABDM,8.080909208,80-100
2,Downslope,5,PDIO1,30.19690889,80-100
2,Downslope,5,PDIO3,20.39435257,80-100
2,Downslope,5,FDB,20.9674929,80-100
2,Downslope,5,EDB,17.97896275,80-100
